{"cameraMode":{"drawMode":0,"name":"Shaded","section":"Shading Mode"},"sceneLighting":false,"audioPlay":false,"sceneViewState":{"m_AlwaysRefresh":false,"showFog":true,"showSkybox":false,"showFlares":true,"showImageEffects":true,"showParticleSystems":true,"showVisualEffectGraphs":true,"m_FxEnabled":true},"in2DMode":false,"pivot":{"x":-0.7558271288871765,"y":-0.8703625798225403,"z":0.4333040118217468},"rotation":{"x":0.15809467434883119,"y":0.6929380297660828,"z":-0.15991702675819398,"w":0.6850471496582031},"size":3.2329437732696535,"orthographic":false}