{"cameraMode":{"drawMode":0,"name":"Shaded","section":"Shading Mode"},"sceneLighting":false,"audioPlay":false,"sceneViewState":{"m_AlwaysRefresh":false,"showFog":true,"showSkybox":false,"showFlares":true,"showImageEffects":true,"showParticleSystems":true,"showVisualEffectGraphs":true,"m_FxEnabled":true},"in2DMode":false,"pivot":{"x":-0.23757672309875489,"y":-0.5222356915473938,"z":-1.063834309577942},"rotation":{"x":-0.031356871128082278,"y":0.9556979537010193,"z":-0.2710006833076477,"w":-0.11058596521615982},"size":1.1214966773986817,"orthographic":false}